<?xml version="1.0" encoding="UTF-8"?>

<mule xmlns:quartz="http://www.mulesoft.org/schema/mule/quartz" xmlns:batch="http://www.mulesoft.org/schema/mule/batch" xmlns:jdbc-ee="http://www.mulesoft.org/schema/mule/ee/jdbc" xmlns:metadata="http://www.mulesoft.org/schema/mule/metadata" xmlns:data-mapper="http://www.mulesoft.org/schema/mule/ee/data-mapper" xmlns:db="http://www.mulesoft.org/schema/mule/db" xmlns="http://www.mulesoft.org/schema/mule/core" xmlns:doc="http://www.mulesoft.org/schema/mule/documentation"
	xmlns:spring="http://www.springframework.org/schema/beans" 
	xmlns:xsi="http://www.w3.org/2001/XMLSchema-instance"
	xsi:schemaLocation="http://www.springframework.org/schema/beans http://www.springframework.org/schema/beans/spring-beans-current.xsd
http://www.mulesoft.org/schema/mule/core http://www.mulesoft.org/schema/mule/core/current/mule.xsd
http://www.mulesoft.org/schema/mule/ee/jdbc http://www.mulesoft.org/schema/mule/ee/jdbc/current/mule-jdbc-ee.xsd
http://www.mulesoft.org/schema/mule/db http://www.mulesoft.org/schema/mule/db/current/mule-db.xsd
http://www.mulesoft.org/schema/mule/ee/data-mapper http://www.mulesoft.org/schema/mule/ee/data-mapper/current/mule-data-mapper.xsd
http://www.mulesoft.org/schema/mule/batch http://www.mulesoft.org/schema/mule/batch/current/mule-batch.xsd
http://www.mulesoft.org/schema/mule/quartz http://www.mulesoft.org/schema/mule/quartz/current/mule-quartz.xsd">
    <db:oracle-config name="Oracle_Configuration" host="172.21.6.228" port="1521" instance="pcnerp01" user="vpcost" password="vptest1234" doc:name="Oracle Configuration"/>
    <jdbc-ee:connector name="Database" validateConnections="true" queryTimeout="-1" pollingFrequency="0" doc:name="Database" dataSource-ref="Oracle_Data_Source"/>
    <jdbc-ee:oracle-data-source name="Oracle_Data_Source" user="vpcost" password="vptest1234" url="jdbc:oracle:thin:@//172.21.6.228:1521/pcnerp01" transactionIsolation="UNSPECIFIED" doc:name="Oracle Data Source"/>
    <flow name="Copy_of_testetlFlow">
        <quartz:inbound-endpoint jobName="movetabletotable" repeatInterval="2000" repeatCount="0" responseTimeout="10000" doc:name="Quartz">
            <quartz:event-generator-job/>
        </quartz:inbound-endpoint>
        <db:select config-ref="Oracle_Configuration" doc:name="oracleInput">
            <db:parameterized-query><![CDATA[select *
from ab_vender
where rownum<=10]]></db:parameterized-query>
        </db:select>
        <collection-splitter doc:name="Collection Splitter"/>
        <jdbc-ee:outbound-endpoint exchange-pattern="one-way" connector-ref="Database" queryKey="inserttable" queryTimeout="-1" doc:name="oracleOutput">
            <jdbc-ee:query key="inserttable" value="insert into VLOI_TBL_TEST01(VENDER_NO,VENDER_NM,ADDRES,VEN_BH, TEL_NO) 
values(#[message.payload.VENDER_NO],#[message.payload.VENDER_NM],#[message.payload.ADDRES],#[message.payload.VEN_BH],#[message.payload.TEL_NO])"/>
        </jdbc-ee:outbound-endpoint>
    </flow>
</mule>
