<?xml version="1.0" encoding="UTF-8"?>

<mule xmlns:metadata="http://www.mulesoft.org/schema/mule/metadata" xmlns:dw="http://www.mulesoft.org/schema/mule/ee/dw" xmlns:data-mapper="http://www.mulesoft.org/schema/mule/ee/data-mapper" xmlns:quartz="http://www.mulesoft.org/schema/mule/quartz" xmlns:file="http://www.mulesoft.org/schema/mule/file" xmlns="http://www.mulesoft.org/schema/mule/core" xmlns:doc="http://www.mulesoft.org/schema/mule/documentation"
	xmlns:spring="http://www.springframework.org/schema/beans" 
	xmlns:xsi="http://www.w3.org/2001/XMLSchema-instance"
	xsi:schemaLocation="http://www.springframework.org/schema/beans http://www.springframework.org/schema/beans/spring-beans-current.xsd
http://www.mulesoft.org/schema/mule/core http://www.mulesoft.org/schema/mule/core/current/mule.xsd
http://www.mulesoft.org/schema/mule/file http://www.mulesoft.org/schema/mule/file/current/mule-file.xsd
http://www.mulesoft.org/schema/mule/ee/data-mapper http://www.mulesoft.org/schema/mule/ee/data-mapper/current/mule-data-mapper.xsd
http://www.mulesoft.org/schema/mule/quartz http://www.mulesoft.org/schema/mule/quartz/current/mule-quartz.xsd
http://www.mulesoft.org/schema/mule/ee/dw http://www.mulesoft.org/schema/mule/ee/dw/current/dw.xsd">
    <file:connector name="File" writeToDirectory="/temp" autoDelete="false" streaming="true" validateConnections="true" doc:name="File"/>
    <file:endpoint path="C:\Users\vloi\Desktop\20170307_practise_tos_etl" connector-ref="File" name="File1" responseTimeout="10000" doc:name="File"/>
    <data-mapper:config name="MS_Excel_To_JSON" transformationGraphPath="ms_excel_to_json.grf" doc:name="MS_Excel_To_JSON"/>
    <quartz:connector name="Quartz" validateConnections="true" doc:name="Quartz"/>
    <data-mapper:config name="MS_Excel_To_JSON_1" transformationGraphPath="ms_excel_to_json_1.grf" doc:name="MS_Excel_To_JSON_1"/>
    <flow name="exceltojsonFlow">
        <file:inbound-endpoint path="C:\Users\vloi\Desktop\20170307_practise_tos_etl" moveToDirectory="C:\Users\vloi\Desktop\20170307_practise_tos_etl\04.Excel_JSON" connector-ref="File" responseTimeout="10000" doc:name="File" moveToPattern="inputExcel.xls"/>
        <data-mapper:transform config-ref="MS_Excel_To_JSON_1" doc:name="MS Excel To JSON"/>
        <file:outbound-endpoint path="C:\Users\vloi\Desktop\20170307_practise_tos_etl\04.Excel_JSON" outputPattern="outputJson.json" connector-ref="File" responseTimeout="10000" doc:name="File"/>
    </flow>
</mule>
