<?xml version="1.0" encoding="UTF-8"?>

<mule xmlns:quartz="http://www.mulesoft.org/schema/mule/quartz" xmlns:db="http://www.mulesoft.org/schema/mule/db" xmlns="http://www.mulesoft.org/schema/mule/core" xmlns:doc="http://www.mulesoft.org/schema/mule/documentation"
	xmlns:spring="http://www.springframework.org/schema/beans" 
	xmlns:xsi="http://www.w3.org/2001/XMLSchema-instance"
	xsi:schemaLocation="http://www.springframework.org/schema/beans http://www.springframework.org/schema/beans/spring-beans-current.xsd
http://www.mulesoft.org/schema/mule/core http://www.mulesoft.org/schema/mule/core/current/mule.xsd
http://www.mulesoft.org/schema/mule/db http://www.mulesoft.org/schema/mule/db/current/mule-db.xsd
http://www.mulesoft.org/schema/mule/quartz http://www.mulesoft.org/schema/mule/quartz/current/mule-quartz.xsd">
    <db:oracle-config name="Oracle_Configuration" host="172.21.6.228" port="1521" instance="pcnerp01" user="vpcost" password="vptest1234" doc:name="Oracle Configuration"/>
    <quartz:connector name="Quartz" validateConnections="true" doc:name="Quartz"/>
    <flow name="excutesqlFlow">
        <quartz:inbound-endpoint jobName="queryDelete" repeatInterval="2000" repeatCount="0" connector-ref="Quartz" responseTimeout="10000" doc:name="Quartz">
            <quartz:event-generator-job/>
        </quartz:inbound-endpoint>
        <db:delete config-ref="Oracle_Configuration" doc:name="Database">
            <db:parameterized-query><![CDATA[delete from ab_vender
where vender_no='test']]></db:parameterized-query>
        </db:delete>
    </flow>
</mule>
