<?xml version="1.0" encoding="UTF-8"?>

<mule xmlns:data-mapper="http://www.mulesoft.org/schema/mule/ee/data-mapper" xmlns:metadata="http://www.mulesoft.org/schema/mule/metadata" xmlns:dw="http://www.mulesoft.org/schema/mule/ee/dw" xmlns:quartz="http://www.mulesoft.org/schema/mule/quartz" xmlns:db="http://www.mulesoft.org/schema/mule/db" xmlns:file="http://www.mulesoft.org/schema/mule/file" xmlns="http://www.mulesoft.org/schema/mule/core" xmlns:doc="http://www.mulesoft.org/schema/mule/documentation"
	xmlns:spring="http://www.springframework.org/schema/beans" 
	xmlns:xsi="http://www.w3.org/2001/XMLSchema-instance"
	xsi:schemaLocation="http://www.springframework.org/schema/beans http://www.springframework.org/schema/beans/spring-beans-current.xsd
http://www.mulesoft.org/schema/mule/core http://www.mulesoft.org/schema/mule/core/current/mule.xsd
http://www.mulesoft.org/schema/mule/file http://www.mulesoft.org/schema/mule/file/current/mule-file.xsd
http://www.mulesoft.org/schema/mule/db http://www.mulesoft.org/schema/mule/db/current/mule-db.xsd
http://www.mulesoft.org/schema/mule/quartz http://www.mulesoft.org/schema/mule/quartz/current/mule-quartz.xsd
http://www.mulesoft.org/schema/mule/ee/dw http://www.mulesoft.org/schema/mule/ee/dw/current/dw.xsd
http://www.mulesoft.org/schema/mule/ee/data-mapper http://www.mulesoft.org/schema/mule/ee/data-mapper/current/mule-data-mapper.xsd">
    <file:connector name="File" outputPattern="fwout.json" writeToDirectory="/temp" autoDelete="true" streaming="false" validateConnections="true" doc:name="File"/>
    <quartz:connector name="Quartz" validateConnections="true" doc:name="Quartz"/>
    <db:oracle-config name="Oracle_Configuration" host="172.21.6.228" port="1521" instance="pcnerp01" user="vpcost" password="vptest1234" doc:name="Oracle Configuration"/>
    <data-mapper:config name="List_Map__To_MS_Excel" transformationGraphPath="list_map__to_ms_excel.grf" doc:name="List_Map__To_MS_Excel"/>
    <flow name="dbtoexcelFlow">
        <quartz:inbound-endpoint jobName="dbtoexcel" repeatInterval="2000" repeatCount="0" connector-ref="Quartz" responseTimeout="10000" doc:name="Quartz">
            <quartz:event-generator-job/>
        </quartz:inbound-endpoint>
        <db:select config-ref="Oracle_Configuration" streaming="true" doc:name="Database">
            <db:parameterized-query><![CDATA[select *
from ab_vender]]></db:parameterized-query>
        </db:select>
        <data-mapper:transform config-ref="List_Map__To_MS_Excel" doc:name="List&lt;Map&gt; To MS Excel"/>
        <file:outbound-endpoint path="C:\Users\vloi\Desktop" outputPattern="output.xlsx" connector-ref="File" responseTimeout="10000" metadata:id="a49ee399-3269-47f4-a4b1-6f969bc1de23" doc:name="File"/>

    </flow>
</mule>
